{"cameraMode":{"drawMode":0,"name":"Shaded","section":"Shading Mode"},"sceneLighting":true,"audioPlay":false,"sceneViewState":{"showFog":true,"showMaterialUpdate":false,"showSkybox":true,"showFlares":true,"showImageEffects":true,"showParticleSystems":true,"showVisualEffectGraphs":true,"m_FxEnabled":true},"in2DMode":false,"pivot":{"x":26.497920989990236,"y":0.9110922813415527,"z":-9.100993156433106},"rotation":{"x":0.0001935875043272972,"y":0.9328356385231018,"z":-0.00025679785176180303,"w":0.3603857755661011},"size":13.856504440307618,"orthographic":false}